<?xml version="1.0" encoding="UTF-8"?>
<!DOCTYPE mapper PUBLIC "-//mybatis.org//DTD Mapper 3.0//EN" "http://mybatis.org/dtd/mybatis-3-mapper.dtd">

<mapper namespace="io.renren.modules.sys.dao.SalaryDao">

	<!-- 可根据自己的需求，是否要使用 -->
    <resultMap type="io.renren.modules.sys.entity.SalaryEntity" id="salaryMap">
        <result property="salaryId" column="salary_id"/>
        <result property="clerkNumber" column="clerk_number"/>
        <result property="year" column="year"/>
        <result property="month" column="month"/>
        <result property="baseSalary" column="base_salary"/>
        <result property="courseFee" column="course_fee"/>
        <result property="basePerform" column="base_perform"/>
        <result property="ageSalary" column="age_salary"/>
        <result property="callSubsidies" column="call_subsidies"/>
        <result property="trafficSubsidies" column="traffic_subsidies"/>
        <result property="overtimeSubsidies" column="overtime_subsidies"/>
        <result property="laborInsurance" column="labor_insurance"/>
        <result property="unemploymentInsurance" column="unemployment_insurance"/>
        <result property="medicalInsurance" column="medical__insurance"/>
        <result property="personalTax" column="personal_tax"/>
        <result property="accumulationFund" column="accumulation_fund"/>
        <result property="payTotal" column="pay_total"/>
        <result property="deductTotal" column="deduct_total"/>
        <result property="realWages" column="real_wages"/>
    </resultMap>


</mapper>